Date,NFLX
2018-01-03,0.019600687318052364
2018-01-04,0.002824613066678513
2018-01-05,0.02098151271868229
2018-01-08,0.00976215562748103
2018-01-09,-0.013005697367491256
2018-01-10,0.01521974468118925
2018-01-11,0.021966636376251254
2018-01-12,0.01820007175383621
2018-01-16,0.0013551672177926312
2018-01-17,-0.018359164455516556
2018-01-18,0.012927614884993091
2018-01-19,0.0005897856652792447
2018-01-22,0.031785548371602475
2018-01-23,0.09511841930712653
2018-01-24,0.04304892165120674
2018-01-25,0.03164106427713368
2018-01-26,0.01800525530739109
2018-01-29,0.03573407514250754
2018-01-30,-0.020554886351239116
2018-01-31,-0.030962170099248953
2018-02-01,-0.019538537788893154
2018-02-02,0.0088639100928429
2018-02-05,-0.050500462062573054
2018-02-06,0.044085752820196514
2018-02-07,-0.0043750967207283175
2018-02-08,-0.05620719799114988
2018-02-09,-0.002522159369648613
2018-02-12,0.03342708298282414
2018-02-13,0.0012397656918428192
2018-02-14,0.02949078678246153
2018-02-15,0.052257116380152506
2018-02-16,-0.006263595177542495
2018-02-20,0.0001077157077421329
2018-02-21,0.008899451182194174
2018-02-22,-0.010372456789203613
2018-02-23,0.027622485600312448
2018-02-26,0.028376809416074473
2018-02-27,-0.012141658982714867
2018-02-28,0.0026460835237106886
2018-03-01,-0.0034034421256618676
2018-03-02,0.03605151684715766
2018-03-05,0.045296290120745916
2018-03-06,0.03192921786623195
2018-03-07,-0.012562380216882206
2018-03-08,-0.013037678530211854
2018-03-09,0.04454503020936395
2018-03-12,-0.03107152878877365
2018-03-13,-0.017012925507411288
2018-03-14,0.017790640759832513
2018-03-15,-0.0014315208367873759
2018-03-16,-0.008256038525734213
2018-03-19,-0.015729906699731185
2018-03-20,0.012742269777216694
2018-03-21,-0.0032177472377861037
2018-03-22,-0.031389997487178724
2018-03-23,-0.018959168840387782
2018-03-26,0.06250323855447494
2018-03-27,-0.06333430149763782
2018-03-28,-0.050892562094467485
2018-03-29,0.032973808857139505
2018-04-02,-0.052336331067217634
2018-04-03,0.011986853638294638
2018-04-04,0.018407411785624973
2018-04-05,0.01725867657173687
2018-04-06,-0.017570169364167984
2018-04-09,0.003731985434910879
2018-04-10,0.027688816043828727
2018-04-11,0.018613272944310567
2018-04-12,0.018208382027735722
2018-04-13,0.007730806029679099
2018-04-16,-0.012495554562088155
2018-04-17,0.08790444741297464
2018-04-18,-0.004593027004276375
2018-04-19,-0.005455461694765708
2018-04-20,-0.014929040845993424
2018-04-23,-0.02809332875656419
2018-04-24,-0.037305946069795044
2018-04-25,-0.004112393632542708
2018-04-26,0.026528824974626827
2018-04-27,-0.007095632334591581
2018-04-30,0.0022427901436652825
2018-05-01,0.0026847252606854743
2018-05-02,0.00019150795589639448
2018-05-03,-0.0053435792789182325
2018-05-04,0.026593046774424357
2018-05-07,0.019092421697011776
2018-05-08,0.0019291049897853581
2018-05-09,0.010377597778163912
2018-05-10,-0.0021215251809427026
2018-05-11,-0.009572343336914394
2018-05-14,0.0063207505414697275
2018-05-15,-0.007332134394393471
2018-05-16,0.006296673336158642
2018-05-17,-0.009090859712850128
2018-05-18,-0.0032029622008975366
2018-05-21,0.023293734811968864
2018-05-22,-0.0006029319602666539
2018-05-23,0.0387427995060567
2018-05-24,0.013170050331996482
2018-05-25,0.005709592029701422
2018-05-29,-0.004450723218984212
2018-05-30,0.010835219705897422
2018-05-31,-0.00550247422613041
2018-06-01,0.0234154074756076
2018-06-04,0.0052096364645345325
2018-06-05,0.010967580601584532
2018-06-06,0.00450043989363101
2018-06-07,-0.016601864636969315
2018-06-08,-0.00229927064241951
2018-06-11,0.002437641483777229
2018-06-12,0.006562977527941855
2018-06-13,0.04330031638961985
2018-06-14,0.033491710465778146
2018-06-15,-0.0022678709220686423
2018-06-18,-0.004038987582279384
2018-06-19,0.036665832309253694
2018-06-20,0.02867277475769618
2018-06-21,-0.003172316373380574
2018-06-22,-0.010525971847707143
2018-06-25,-0.06692037642972765
2018-06-26,0.038046542075028375
2018-06-27,-0.022792085501759467
2018-06-28,0.01280220953672823
2018-06-29,-0.010141746799089437
2018-07-02,0.017097444561757064
2018-07-03,-0.01942504759033814
2018-07-05,0.019952305923932115
2018-07-06,0.024448307926281408
2018-07-09,0.02591955247853641
2018-07-10,-0.008003868212448527
2018-07-11,0.007239853938096045
2018-07-12,-0.012377811180603703
2018-07-13,-0.043748398131616156
2018-07-16,0.011754756635155598
2018-07-17,-0.05386189248519152
2018-07-18,-0.011529298002154667
2018-07-19,-0.02948710013787812
2018-07-20,-0.008769105222002494
2018-07-23,0.004449284030639855
2018-07-24,-0.014834028973012019
2018-07-25,0.015412913643019135
2018-07-26,0.0006060763886941668
2018-07-27,-0.021941524010403664
2018-07-30,-0.05869808787387042
2018-07-31,0.0074062461132873205
2018-08-01,0.0027522417705751192
2018-08-02,0.017924551292554096
2018-08-03,-0.0041013643304139554
2018-08-06,0.022565502031609386
2018-08-07,0.002589815925936464
2018-08-08,-0.012066858897907698
2018-08-09,0.005021725433344024
2018-08-10,-0.010039898791389478
2018-08-13,-0.013271863551216567
2018-08-14,-0.011255273899445672
2018-08-15,-0.03341229213005715
2018-08-16,-0.012206548064834176
2018-08-17,-0.01770954558692255
2018-08-20,0.03398255160662678
2018-08-21,0.030914947911911163
2018-08-22,0.018814906658772747
2018-08-23,-0.0154184657044697
2018-08-24,0.0563194179292003
2018-08-27,0.015925141986402585
2018-08-28,0.010667536590232712
2018-08-29,-0.001221896585842502
2018-08-30,0.007956490150311319
2018-08-31,-0.008935104291262637
2018-09-04,-0.011158657900911355
2018-09-05,-0.06364418094282528
2018-09-06,0.015357171061430249
2018-09-07,0.0063872278103316495
2018-09-10,-0.0007746611983585029
2018-09-11,0.021354104471447113
2018-09-12,0.03863379220798308
2018-09-13,-0.004877405987439304
2018-09-14,-0.009799244398112644
2018-09-17,-0.03975853165288244
2018-09-18,0.048198731579557334
2018-09-19,-0.001878555037588935
2018-09-20,-0.004369677337775638
2018-09-21,-0.011479028362257537
2018-09-24,0.023044234743244713
2018-09-25,-0.0004870573235146288
2018-09-26,0.022615338529639584
2018-09-27,0.0074612707483735895
2018-09-28,-0.017434625526133715
2018-10-01,0.01932410597977971
2018-10-02,-0.011310898544552625
2018-10-03,-0.0002386366987121398
2018-10-04,-0.03618594045464933
2018-10-05,-0.03440908289038016
2018-10-08,-0.006424420126177703
2018-10-09,0.018757358375833543
2018-10-10,-0.08755584546408733
2018-10-11,-0.01480730254822916
2018-10-12,0.05589807951318635
2018-10-15,-0.01911790367324322
2018-10-16,0.0390613631248742
2018-10-17,0.05148097221763493
2018-10-18,-0.050586394260985004
2018-10-19,-0.041337780763609236
2018-10-22,-0.009453257157288189
2018-10-23,0.010925212755181673
2018-10-24,-0.09875894818222426
2018-10-25,0.035923826095353766
2018-10-26,-0.042572149015086935
2018-10-29,-0.0512880478926297
2018-10-30,0.003399639632989834
2018-10-31,0.05437102590207082
2018-11-01,0.050401563138946066
2018-11-02,-0.026434977337236147
2018-11-05,0.020303665200765778
2018-11-06,-0.014690210842605479
2018-11-07,0.052209756515597575
2018-11-08,-0.029688282031282435
2018-11-09,-0.04651701019513254
2018-11-12,-0.03146494262212563
2018-11-13,0.0011215847684991796
2018-11-14,-0.02639838687710631
2018-11-15,0.011546797899859325
2018-11-16,-0.013361998775577786
2018-11-19,-0.05608412124180662
2018-11-20,-0.013467948487646472
2018-11-21,-0.01833320863459718
2018-11-23,-0.01270770066397025
2018-11-26,0.010033709607351837
2018-11-27,0.01969538573003747
2018-11-28,0.05834742797559146
2018-11-29,0.02135190030860303
2018-11-30,-0.00911497843904031
2018-12-03,0.014468611286583546
2018-12-04,-0.052944482081092814
2018-12-06,0.027052370622684577
2018-12-07,-0.06476479715643219
2018-12-10,0.017052218617374024
2018-12-11,-0.016373575556665333
2018-12-12,0.03539804130759033
2018-12-13,0.004138630440601353
2018-12-14,-0.033824072464459
2018-12-17,-0.015255915674628986
2018-12-18,0.030504076345455086
2018-12-19,-0.015510523426942644
2018-12-20,-0.023476928216147143
2018-12-21,-0.05599429349784984
2018-12-24,-0.05210745975813793
2018-12-26,0.0812260483846175
2018-12-27,0.007462081106781143
2018-12-28,0.001993574239129875
2018-12-31,0.0442276583867745
2019-01-02,0.0
2019-01-03,0.013139040709225528
2019-01-04,0.09279290338902808
2019-01-07,0.058001943989859694
2019-01-08,0.015512968986712613
2019-01-09,-0.0009684063353650574
2019-01-10,0.014582471621224093
2019-01-11,0.039053639319742484
2019-01-14,-0.013869852914337679
2019-01-15,0.06314095516053211
2019-01-16,-0.009206494215891063
2019-01-17,0.005109446657729998
2019-01-18,-0.04071111803885694
2019-01-22,-0.04197771141796508
2019-01-23,-0.009796803297742364
2019-01-24,0.014429951504771917
2019-01-25,0.03424334114335367
2019-01-28,-0.007095023314951116
2019-01-29,-0.020345064611618214
2019-01-30,0.035131233336662925
2019-01-31,-0.003410998503120409
2019-02-01,0.0010303922808929452
2019-02-04,0.03325002169475402
2019-02-05,0.01264253309039306
2019-02-06,-0.010226063579245211
2019-02-07,-0.021467349645144376
2019-02-08,0.008262579376815824
2019-02-11,-0.005307905237130694
2019-02-12,0.04036256297205885
2019-02-13,-0.023043240402311194
2019-02-14,0.020539897176509326
2019-02-15,-0.006145819698231184
2019-02-19,0.01405165252858779
2019-02-20,-0.0055691984610652815
2019-02-21,-0.008202326258581057
2019-02-22,0.016806172576176483
2019-02-25,0.0024486745649249246
2019-02-26,0.002908651126145827
2019-02-27,-0.005770594657584442
2019-02-28,-0.013232293565401124
2019-03-01,-0.0021806200776180243
2019-03-04,-0.017731515581232163
2019-03-05,0.009243840790003328
2019-03-06,0.01487604966797282
2019-03-07,-0.019685847791690764
2019-03-08,-0.008544604767666636
2019-03-11,0.02614276691197209
2019-03-12,-0.00724354498465711
2019-03-13,0.013770622353400803
2019-03-14,-0.00663859273350253
2019-03-15,0.00733051373389307
2019-03-18,0.005462887278349588
2019-03-19,-0.012904928814065002
2019-03-20,0.04480316219672346
2019-03-21,0.00703768447512142
2019-03-22,-0.04564448104620391
2019-03-25,0.014355874365579637
2019-03-26,-0.01724084090555002
2019-03-27,-0.018505022832477035
2019-03-28,0.0035028351313970627
2019-03-29,0.005483926273228783
2019-04-01,0.028750348006475135
2019-04-02,0.0020689345641583512
2019-04-03,0.00550529875568325
2019-04-04,-0.005070311232157222
2019-04-05,-0.00651783590131088
2019-04-08,-0.011225897330039343
2019-04-09,0.00908951978504822
2019-04-10,-0.002168519343288542
2019-04-11,0.010197365739495114
2019-04-12,-0.04594642289294103
2019-04-15,-0.006485569433128839
2019-04-16,0.029903491837605305
2019-04-17,-0.013217782303861714
2019-04-18,0.0156906778875393
2019-04-22,0.046070891380159226
2019-04-23,0.011985918931090241
2019-04-24,-0.020261996819024228
2019-04-25,-0.015891310187967026
2019-04-26,0.01754668179135302
2019-04-29,-0.008089237769764139
2019-04-30,-0.0034753002792678863
2019-05-01,0.02207334963159428
2019-05-02,0.00065968338899529
2019-05-03,0.015626753326214306
2019-05-06,-0.016656081825871118
2019-05-07,-0.021919613291512822
2019-05-08,-0.016575672990442433
2019-05-09,-0.004455908593073057
2019-05-10,-0.004725175773946171
2019-05-13,-0.04469097338130587
2019-05-14,0.0010132108643934178
2019-05-15,0.02677864000107533
2019-05-16,0.012095883294103302
2019-05-17,-0.013618235141631437
2019-05-20,-0.01804873823927686
2019-05-21,0.017540736282679836
2019-05-22,0.015294456448007383
2019-05-23,-0.021126130502903278
2019-05-24,0.006170370698340621
2019-05-28,0.0018888255121994536
2019-05-29,-0.016670653925179305
2019-05-30,0.007588837478084698
2019-05-31,-0.024658572540858226
2019-06-03,-0.019562064044523153
2019-06-04,0.04861621334554894
2019-06-05,0.006571504262242448
2019-06-06,0.00392782772285463
2019-06-07,0.010417936380027774
2019-06-10,-0.02485824221429159
2019-06-11,-0.0021044631014189206
2019-06-12,-0.016388844827109304
2019-06-13,-0.0061830196426562335
2019-06-14,-0.010832090874303325
2019-06-17,0.03155185185057674
2019-06-18,0.01836888641192718
2019-06-19,0.017762438662154812
2019-06-20,0.004638179262061509
2019-06-21,0.010893098605500964
2019-06-24,0.004944249273810831
2019-06-25,-0.029372892100823878
2019-06-26,0.00525959527791279
2019-06-27,0.021360449388509083
2019-06-28,-0.007323668166639886
2019-07-01,0.019625405196213506
2019-07-02,0.002213250638250386
2019-07-03,0.01661536252573558
2019-07-05,-0.0030697960011065177
2019-07-08,-0.011602967923154312
2019-07-09,0.009972411218934048
2019-07-10,0.002812309048870246
2019-07-11,-0.003944718137894239
2019-07-12,-0.016606160079750482
2019-07-15,-0.01797712561638039
2019-07-16,-0.0016653473023938803
2019-07-17,-0.00974705490116737
2019-07-18,-0.1083878043466093
2019-07-19,-0.03158106866617641
2019-07-22,-0.014319747042890503
2019-07-23,-0.010745854743995701
2019-07-24,0.034038251169592845
2019-07-25,0.02644472151176035
2019-07-26,0.02814873032993788
2019-07-29,-0.009214960467934543
2019-07-30,-0.020558608279470845
2019-07-31,-0.009061232126862316
2019-08-01,-0.010864058680391784
2019-08-02,-0.0020992705085811276
2019-08-05,-0.035760249181224925
2019-08-06,0.007997055480355078
2019-08-07,-0.018913611349786367
2019-08-08,0.03744449050077772
2019-08-09,-0.02231100998106124
2019-08-12,0.0061314421653882265
2019-08-13,0.0046540969517242575
2019-08-14,-0.04308886652953053
2019-08-15,-0.011263053393592019
2019-08-16,0.023524222388601652
2019-08-19,0.021497741690991966
2019-08-20,-0.0341601523016897
2019-08-21,-0.003954429748092325
2019-08-22,-0.0029592563713158144
2019-08-23,-0.018662325699772307
2019-08-26,0.01207340820545039
2019-08-27,-0.013481153353375576
2019-08-28,0.0025394455663196778
2019-08-29,0.017025284382856505
2019-08-30,-0.010262041152833414
2019-09-03,-0.015299390730402505
2019-09-04,0.007678953999434356
2019-09-05,0.00591688482287449
2019-09-06,-0.010558548589208818
2019-09-09,0.01426859729330743
2019-09-10,-0.021809812361204804
2019-09-11,0.0009717794190150694
2019-09-12,0.0020446012677614264
2019-09-13,0.018147741855025056
2019-09-16,0.00047583232981718076
2019-09-17,0.014539200780742978
2019-09-18,-0.023859084321369458
2019-09-19,-0.01715831115416117
2019-09-20,-0.05689159601015784
2019-09-23,-0.018000437969057554
2019-09-24,-0.043541082420914694
2019-09-25,0.03913160522032296
2019-09-26,-0.005453977377517556
2019-09-27,-0.0008738316193155494
2019-09-30,0.017109841484006554
2019-10-01,0.007297167725007104
2019-10-02,-0.005766303344561513
2019-10-03,0.00044764958749801323
2019-10-04,0.017155698448768658
2019-10-07,0.006103255913829978
2019-10-08,-0.013720404690019174
2019-10-09,-0.011853375741319607
2019-10-10,0.04727071386488564
2019-10-11,0.008697058195412645
2019-10-14,0.009147593412635999
2019-10-15,-0.004492978959297173
2019-10-16,0.007116256141228304
2019-10-17,0.024396042231046796
2019-10-18,-0.06350496707220248
2019-10-21,0.009939527518865194
2019-10-22,-0.04171400597889378
2019-10-23,0.017027706037398387
2019-10-24,0.0008474606558901892
2019-10-25,0.019405321481731533
2019-10-28,0.01804307619156418
2019-10-29,-0.0023087915053411
2019-10-30,0.035766748706486454
2019-10-31,-0.013958739523415557
2019-11-01,-0.002089773565747695
2019-11-04,0.020874688051063392
2019-11-05,-0.016630031264446947
2019-11-06,0.0019423459013012646
2019-11-07,0.0033901194821008376
2019-11-08,0.0068830107746907605
2019-11-11,0.008911699940604246
2019-11-12,-0.007403744421300186
2019-11-13,-0.030952511767082053
2019-11-14,0.022734171406719263
2019-11-15,0.01850733966433503
2019-11-18,0.02523559977416086
2019-11-19,9.915426713285484e-05
2019-11-20,0.008424444805198446
2019-11-21,0.021172870476656554
2019-11-22,-0.003889626327224364
2019-11-25,0.016197659828754696
2019-11-26,-0.009744671458349615
2019-11-27,0.010948196857944376
2019-11-29,-0.00402800489696475
2019-12-02,-0.014952621589283469
2019-12-03,-0.012432240915406914
2019-12-04,-0.006028062415511522
2019-12-05,-0.004809123931267729
2019-12-06,0.014716553858894116
2019-12-09,-0.01590590574064046
2019-12-10,-0.0314991866149682
2019-12-11,0.019627329673212197
2019-12-12,-0.0016405175273913328
2019-12-13,0.00020104261046330641
2019-12-16,0.018948291233259616
2019-12-17,0.03637706232503606
2019-12-18,0.016722633899614675
2019-12-19,0.03497947066719019
2019-12-20,0.013988705912622834
2019-12-23,-0.011343323222712481
2019-12-24,0.0003001147065276835
2019-12-26,-0.0017121253265862902
2019-12-27,-0.010699494165153213
2019-12-30,-0.017719626720910733
2019-12-31,0.0008037708191700241
2020-01-02,0.019101274797297528
2020-01-03,-0.011926110012005595
2020-01-06,0.03001449447192089
2020-01-07,-0.015242258935465866
2020-01-08,0.025403910325612396
2020-01-09,-0.010667937138360098
2020-01-10,-0.01988912144494268
2020-01-13,0.029554363101517118
2020-01-14,-0.0006788214888722782
2020-01-15,0.001121400424781998
2020-01-16,-0.0013280995614086358
2020-01-17,0.003096009916922606
2020-01-21,-0.004603219502593546
2020-01-22,-0.0364739761340691
2020-01-23,0.0698922830329218
2020-01-24,0.010131648015848487
2020-01-27,-0.029540786396274735
2020-01-28,0.016315172299690567
2020-01-29,-0.015498785670779098
2020-01-30,0.013258158234568428
2020-01-31,-0.007649804221013578
2020-02-03,0.036727745233975075
2020-02-04,0.030290805319172887
2020-02-05,0.0017869197738330789
2020-02-06,-0.0073850995080258245
2020-02-07,-0.0004906928334865659
2020-02-10,0.0116557842705175
2020-02-11,0.007035880706010955
2020-02-12,0.016770990890772032
2020-02-13,0.0036511234550572025
2020-02-14,-0.0026253224246678805
2020-02-18,0.01921481061620658
2020-02-19,-0.004108702449051157
2020-02-20,-0.0004921329715924419
2020-02-21,-0.015481884455163115
2020-02-24,-0.030372169208791953
2020-02-25,-0.02362930742242021
2020-02-26,0.0518152755689201
2020-02-27,-0.02005522547154752
2020-02-28,-0.007236080704352145
2020-03-02,0.032052649857974604
2020-03-03,-0.03275747441934856
2020-03-04,0.0399224564611555
2020-03-05,-0.02910714011165183
2020-03-06,-0.010273107475774392
2020-03-09,-0.06286141457217666
2020-03-10,0.04965698930479484
2020-03-11,-0.03980632378697697
2020-03-12,-0.10433861075444795
2020-03-13,0.06463768776252701
2020-03-16,-0.1180953113587774
2020-03-17,0.06763111324096954
2020-03-18,-0.013475834038547642
2020-03-19,0.05116168127475585
2020-03-20,0.002406577913934056
2020-03-23,0.07922188466041068
2020-03-24,-0.00822206692361401
2020-03-25,-0.04268130339066588
2020-03-26,0.05842488790545657
2020-03-27,-0.0163033696197749
2020-03-30,0.03802234801067773
2020-03-31,0.012164192704394113
2020-04-01,-0.03088480119330735
2020-04-02,0.01634553312240751
2020-04-03,-0.022738210559879776
2020-04-06,0.049084969198061344
2020-04-07,-0.02041966492129206
2020-04-08,-0.003120829245693223
2020-04-09,-0.0010784244695442868
2020-04-13,0.06778374167206945
2020-04-14,0.04154765057974094
2020-04-15,0.031419928727858044
2020-04-16,0.0286882338854291
2020-04-17,-0.0376089318432561
2020-04-20,0.033776215110852895
2020-04-21,-0.008401122020329024
2020-04-22,-0.02902281839368086
2020-04-23,0.012451226746297516
2020-04-24,-0.004015495120734542
2020-04-27,-0.00853060117457286
2020-04-28,-0.042541068020911246
2020-04-29,0.01976232043954319
2020-04-30,0.019141215761657896
2020-05-01,-0.010968597788210391
2020-05-04,0.03054464801846933
2020-05-05,-0.008137660463315996
2020-05-06,0.022307493913531314
2020-05-07,0.00521369579650001
2020-05-08,-0.002247491372341285
2020-05-11,0.011346197766646372
2020-05-12,-0.019946988665173
2020-05-13,0.014826334779971409
2020-05-14,0.0083615954487243
2020-05-15,0.02731883787431223
2020-05-18,-0.0035510541942097803
2020-05-19,-0.0034085008862323033
2020-05-20,-0.007499713726922249
2020-05-21,-0.025840842152057286
2020-05-22,-0.01601293038502945
2020-05-26,-0.03447836470824181
2020-05-27,0.012268555995534775
2020-05-28,-0.01548029045271397
2020-05-29,0.015099193268048015
2020-06-01,0.014639875760713685
2020-06-02,0.0032582085748130837
2020-06-03,-0.012575533376131908
2020-06-04,-0.01827146284399102
2020-06-05,0.012639129353453663
2020-06-08,-0.0002621357000506872
2020-06-09,0.03411998771121542
2020-06-10,0.0009902498583152875
2020-06-11,-0.02074401366133258
2020-06-12,-0.01775707927124743
2020-06-15,0.017616066443015003
2020-06-16,0.024675410170233506
2020-06-17,0.02633937701500815
2020-06-18,0.004678924016964739
2020-06-19,0.008521662726469374
2020-06-22,0.03107347659589408
2020-06-23,-0.003810373939703293
2020-06-24,-0.01820179044683704
2020-06-25,0.017450857689678665
2020-06-26,-0.049520173287189155
2020-06-29,0.008623040820329364
2020-06-30,0.01729002127578901
2020-07-01,0.06508222898935231
2020-07-02,-0.01818175265930326
2020-07-06,0.03486499927618752
2020-07-07,-0.0013171349588766707
2020-07-08,0.019318992882631187
2020-07-09,0.009856217981337071
2020-07-10,0.07759762304634497
2020-07-13,-0.04325636147866443
2020-07-14,-0.0011805305303141471
2020-07-15,-0.003091168718848174
2020-07-16,0.007861806159518283
2020-07-17,-0.06745139718091306
2020-07-20,0.018927656361080417
2020-07-21,-0.024807124221110085
2020-07-22,-0.0005714727654507246
2020-07-23,-0.025306271889036405
2020-07-24,0.005991453598453796
2020-07-27,0.031146878160003194
2020-07-28,-0.014510027061337041
2020-07-29,-0.008283788477540233
2020-07-30,0.0027208650264458085
2020-07-31,0.006320016314808019
2020-08-03,0.019727202232395272
2020-08-04,0.021860335078923328
2020-08-05,-0.014885417865836935
2020-08-06,0.013786003687375507
2020-08-07,-0.028593043134426104
2020-08-10,-0.02320903087818763
2020-08-11,-0.03462374920138443
2020-08-12,0.018124436632539306
2020-08-13,0.012249286380619664
2020-08-14,0.002800846943861987
2020-08-17,-0.0006839361800227029
2020-08-18,0.01954445524944743
2020-08-19,-0.015035128866510185
2020-08-20,0.027219941382705594
2020-08-21,-0.011290693116890613
2020-08-24,-0.007134702392257793
2020-08-25,0.0036144606870313644
2020-08-26,0.1098288873983631
2020-08-27,-0.03960285646297564
2020-08-28,-0.004532630694357046
2020-08-31,0.010764759818464803
2020-09-01,0.0497104947325483
2020-09-02,-0.006688356093822687
2020-09-03,-0.05024280681775791
2020-09-04,-0.01862217795284568
2020-09-08,-0.017653207217425155
2020-09-09,-0.013562397549559943
2020-09-10,-0.039807054473475635
2020-09-11,0.002825342516623155
2020-09-14,-0.012042422355738769
2020-09-15,0.040591833480369696
2020-09-16,-0.024760104069597867
2020-09-17,-0.02863749563112935
2020-09-18,-0.000510595558475871
2020-09-21,0.03633501302410148
2020-09-22,0.007807748547271343
2020-09-23,-0.04276056880946672
2020-09-24,0.005234735954362502
2020-09-25,0.02050365929274675
2020-09-28,0.015962876371265138
2020-09-29,0.005751307882160499
2020-09-30,0.013185741119812206
2020-10-01,0.053499748437864945
2020-10-02,-0.0474583696760645
2020-10-05,0.03436856217237597
2020-10-06,-0.028798249723958644
2020-10-07,0.055351268557007574
2020-10-08,-0.005382332793812218
2020-10-09,0.014282878313473362
2020-10-12,0.0006856381837438399
2020-10-13,0.026109928450681063
2020-10-14,-0.023076401057775517
2020-10-15,0.000904564180961854
2020-10-16,-0.020788862939212078
2020-10-19,-0.00013188702282078678
2020-10-20,-0.010036609470467969
2020-10-21,-0.07173323050145304
2020-10-22,-0.007841727972463089
2020-10-23,0.006266012873215697
2020-10-26,-8.187856304255007e-05
2020-10-27,0.001412246662977332
2020-10-28,-0.00551702131077638
2020-10-29,0.03629053593787335
2020-10-30,-0.05812136230775497
2020-11-02,0.017461269929314075
2020-11-03,0.006382984936544111
2020-11-04,0.019773642311351647
2020-11-05,0.0332668083760827
2020-11-06,0.0018862633910254974
2020-11-09,-0.08984654023021679
2020-11-10,0.02048999991214334
2020-11-11,0.021669271553810904
2020-11-12,-0.008163520256416788
2020-11-13,-0.008106349969978846
2020-11-16,-0.007776003345298676
2020-11-17,0.003188396907996675
2020-11-18,0.002410614588758735
2020-11-19,0.00595987526048855
2020-11-20,0.007338887652075239
2020-11-23,-0.02408761367024758
2020-11-24,0.013048636848756255
2020-11-25,0.0043807526454647415
2020-11-27,0.013028198051390877
2020-11-30,-0.0013441521122090252
2020-12-01,0.02789346681892334
2020-12-02,-0.0023810267643469166
2020-12-03,-0.011709642217791815
2020-12-04,0.001586664326238333
2020-12-07,0.03445790177824626
2020-12-08,-0.0060674660267824275
2020-12-09,-0.03788734983466667
2020-12-10,0.015060263856388393
2020-12-11,0.004241673514982901
2020-12-14,0.037444450839723184
2020-12-15,-0.005066215707852883
2020-12-16,0.009668775733090367
2020-12-17,0.015259373290015945
2020-12-18,0.0029043685270313197
2020-12-21,-0.010419911876472695
2020-12-22,-0.0029916921981442807
2020-12-23,-0.024669852925071026
2020-12-24,-0.0009918324861121885
2020-12-28,0.009970160686122793
2020-12-29,0.022382157882620504
2020-12-30,-0.011900205965202115
2020-12-31,0.030303114780542074
2021-01-04,-0.03360638452643067
2021-01-05,-0.00394760232885789
2021-01-06,-0.03977851178544501
2021-01-07,0.016644267708948956
2021-01-08,0.00296286799166497
2021-01-11,-0.022388276549725215
2021-01-12,-0.009765026803883041
2021-01-13,0.027026516448075223
2021-01-14,-0.013741371392910037
2021-01-15,-0.005766669352861058
2021-01-19,0.007581887953495065
2021-01-20,0.15575799657363162
2021-01-21,-0.011147583429498325
2021-01-22,-0.025625682807372714
2021-01-25,-0.014956326559136592
2021-01-26,0.009207087048279036
2021-01-27,-0.07126062435590287
2021-01-28,0.028856514969465917
2021-01-29,-0.011596918042512122
2021-02-01,0.0124134935358398
2021-02-02,0.01677748244985072
2021-02-03,-0.016017153312679645
2021-02-04,0.02328775582448138
2021-02-05,-0.0024842669265422957
2021-02-08,-0.005224297690301527
2021-02-09,0.02014542812835163
2021-02-10,0.008052341687190073
2021-02-11,-0.01070315233128395
2021-02-12,-0.0019207883813005767
2021-02-16,0.0013647014668613817
2021-02-17,-0.01071615985690145
2021-02-18,-0.005675017628819491
2021-02-19,-0.014700188497169387
2021-02-22,-0.011992713955617186
2021-02-23,0.022909955843126543
2021-02-24,0.013205436110539731
2021-02-25,-0.01219895772470605
2021-02-26,-0.01446296451430665
2021-03-01,0.021644015232378775
2021-03-02,-0.005134429992003878
2021-03-03,-0.050772738826182884
2021-03-04,-0.01823707876839395
2021-03-05,0.009925317229981627
2021-03-08,-0.04568396774747589
2021-03-09,0.02622755151543914
2021-03-10,-0.003758781893061261
2021-03-11,0.036049080926104336
2021-03-12,-0.009682359954128746
2021-03-15,0.004295678987024585
2021-03-16,0.00723943765769069
2021-03-17,0.0007820990253059122
2021-03-18,-0.03818852826767194
2021-03-19,0.014533593541087669
2021-03-22,0.02111568618909158
2021-03-23,0.022643153195914575
2021-03-24,-0.02704961939551197
2021-03-25,-0.03507352916874919
2021-03-26,0.010268086558071522
2021-03-29,0.011546119427009017
2021-03-30,-0.0010901894362842762
2021-03-31,0.015980237762455655
2021-04-01,0.033478471454359386
2021-04-05,0.002314622905481055
2021-04-06,0.007113884969551286
2021-04-07,0.004507523688445108
2021-04-08,0.013780529096723991
2021-04-09,0.0013154106883468601
2021-04-12,-0.004566394354186878
2021-04-13,0.001717133025596336
2021-04-14,-0.02507106760098958
2021-04-15,0.016892950385454658
2021-04-16,-0.004891620250196146
2021-04-19,0.014351114048062722
2021-04-20,-0.008822432155867314
2021-04-21,-0.07688464599141735
2021-04-22,-0.00023585091422837978
2021-04-23,-0.006368719113093986
2021-04-26,0.009351812574723064
2021-04-27,-0.009351812574723
2021-04-28,0.0019168664434195655
2021-04-29,0.0048842285111588835
2021-04-30,0.008743560920742157
2021-05-03,-0.008527518014365248
2021-05-04,-0.01171611469765166
2021-05-05,-0.01421073624582643
2021-05-06,0.006970491341713649
2021-05-07,0.008551005108712716
2021-05-10,-0.03463139118723047
2021-05-11,0.017092010205304917
2021-05-12,-0.020611678332931666
2021-05-13,0.0034580592083289234
2021-05-14,0.013693701311826765
2021-05-17,-0.009019632989725251
2021-05-18,-0.0054552473586981995
2021-05-19,0.0029159163034832443
2021-05-20,0.028242057258965374
2021-05-21,-0.0075633308479585055
2021-05-24,0.010012162869690122
2021-05-25,-0.0031068702799244433
2021-05-26,0.0020325042619418823
2021-05-27,0.0029814878364418213
2021-05-28,-0.002086153261865571
2021-06-01,-0.007445907440873176
2021-06-02,0.0003205152726904716
2021-06-03,-0.019845472879128228
2021-06-04,0.010790887418943742
2021-06-07,-0.00016170245187953393
2021-06-08,-0.00459959667607433
2021-06-09,-0.013453425840690607
2021-06-10,0.0030007813190153073
2021-06-11,0.0030736000394827336
2021-06-14,0.022496033772418805
2021-06-15,-0.01611262659017585
2021-06-16,0.0010363098441012336
2021-06-17,0.01197084191769704
2021-06-18,0.004864339489666221
2021-06-21,-0.0075568656871418585
2021-06-22,0.023504277382172367
2021-06-23,0.007674541325381106
2021-06-24,0.010322200799853203
2021-06-25,0.01724231998624523
2021-06-28,0.011244353155344401
2021-06-29,0.0008813080439967542
2021-06-30,-0.009965126411183727
2021-07-01,0.010040130487644036
2021-07-02,0.0008243165693560475
2021-07-06,0.014243238372891159
2021-07-07,-0.010542057212009905
2021-07-08,-0.009749598254125892
2021-07-09,0.009786893277408393
2021-07-12,0.0024783514244878335
2021-07-13,0.006252430895811933
2021-07-14,0.013356387202149116
2021-07-15,-0.009166807554222209
2021-07-16,-0.023555493099894312
2021-07-19,0.003707970876788758
2021-07-20,-0.0023135085680416998
2021-07-21,-0.033353028464006236
2021-07-22,-0.003627872698205831
2021-07-23,0.007087438555810639
2021-07-26,0.002093186067573675
2021-07-27,0.004674541767041259
2021-07-28,0.000751321351160075
2021-07-29,-0.009772243029846856
2021-07-30,0.006435267405693039
2021-08-02,-0.0046866725597541035
2021-08-03,-0.008440816545190482
2021-08-04,0.012702347850761473
2021-08-05,0.014469046747038198
2021-08-06,-0.00830273581232432
2021-08-09,-0.0011148014866515495
2021-08-10,-0.007974516517778422
2021-08-11,-0.006691029999354331
2021-08-12,-0.003284135445006786
2021-08-13,0.01013022903053968
2021-08-16,0.0038690902774586727
2021-08-17,0.0019096487332556328
2021-08-18,0.005688084608073018
2021-08-19,0.04099746674667654
2021-08-20,0.0058134081744118495
2021-08-23,0.011725176972153023
2021-08-24,0.00014455825569486034
2021-08-25,-0.010590570984009824
2021-08-26,0.004627895959014999
2021-08-27,0.015869864527895877
2021-08-30,0.012905729749881684
2021-08-31,0.005302225639933846
2021-09-01,0.022376452970619427
2021-09-02,0.011071149084533816
2021-09-03,0.003358585441308119
2021-09-07,0.027030478542334643
2021-09-08,-0.00108845770102287
2021-09-09,-0.014141229123511956
2021-09-10,0.0019728163704873713
2021-09-13,-0.01587563369560123
2021-09-14,-0.019759862482951782
2021-09-15,0.008805581024871863
2021-09-16,0.006208538653637791
2021-09-17,0.004847563864148103
2021-09-20,-0.023902683300915537
2021-09-21,-0.003987574080729164
2021-09-22,0.030093601551300843
2021-09-23,0.004409152930657919
2021-09-24,-0.0014675800980074487
2021-09-27,0.0004219560111986972
2021-09-28,-0.014943059214404348
2021-09-29,0.02571765872389875
2021-09-30,0.01865445494240039
2021-10-01,0.004593396370956901
2021-10-04,-0.016112137465183068
2021-10-05,0.050828281311427366
2021-10-06,0.0067352086117230025
2021-10-07,-0.01140888832955656
2021-10-08,0.00128108876927588
2021-10-11,-0.00892282313164732
2021-10-12,-0.0033546747502365797
2021-10-13,0.0076831852189698634
2021-10-14,0.006394642063881777
2021-10-15,-0.008731643619897408
2021-10-18,0.015289453678446106
2021-10-19,0.0016132040887749646
2021-10-20,-0.02192885458090007
2021-10-21,0.043846527526549266
2021-10-22,0.01763395990795108
2021-10-25,0.010296154447124558
2021-10-26,-0.004685990995241893
2021-10-27,-0.00841195806894846
2021-10-28,0.016649957533855814
2021-10-29,0.023836472391635218
2021-11-01,-0.013328886019327755
2021-11-02,-0.005077590278532484
2021-11-03,0.015476025213150228
2021-11-04,-0.029323553401970695
2021-11-05,-0.03452079038292619
2021-11-08,0.008834644569636878
2021-11-09,0.006944933919851139
2021-11-10,-0.013938319520259769
2021-11-11,0.01635926832926679
2021-11-12,0.03735723063357346
2021-11-15,-0.004816710916156615
2021-11-16,0.011809334773735775
2021-11-17,0.006221526498137178
2021-11-18,-0.014078825899942388
2021-11-19,-0.004732541039210318
2021-11-22,-0.029299542079414355
2021-11-23,-0.007827887512053973
2021-11-24,0.006446536569517307
2021-11-26,0.011103428909371566
2021-11-29,-0.0027078317458864762
2021-11-30,-0.033608630687497365
2021-12-01,-0.03831633953475239
2021-12-02,-0.002106577592937907
2021-12-03,-0.023536259604679685
2021-12-06,0.017385725214779994
2021-12-07,0.020820083111951857
2021-12-08,0.003988327564827681
2021-12-09,-0.027570591312853877
2021-12-10,0.001079644367641372
2021-12-13,-0.011675636652128138
2021-12-14,-0.01092691408320755
2021-12-15,0.011720570449981082
2021-12-16,-0.023377080223313206
2021-12-17,-0.0073527642528024
2021-12-20,0.011876768549260425
2021-12-21,0.018654705114281522
2021-12-22,0.015289500306804305
2021-12-23,-0.0002442241042819151
2021-12-27,-0.0015808238482402906
2021-12-28,-0.0039384790668407135
2021-12-29,-0.00027837528966867536
2021-12-30,0.0025354990751950955
2021-12-31,-0.015891257808786426
2022-01-03,-0.008451387994449567
2022-01-04,-0.010466858035202715
2022-01-05,-0.04079384903554375
2022-01-06,-0.02539372122758879
2022-01-07,-0.022352090625305732
2022-01-10,-0.002238825314834094
2022-01-11,0.001832145220309479
2022-01-12,-0.006715783409180403
2022-01-13,-0.03411856618719285
2022-01-14,0.012422559909598356
2022-01-18,-0.0287335300274448
2022-01-19,0.009857222437428332
2022-01-20,-0.014861914923052931
2022-01-21,-0.24577853342517517
2022-01-24,-0.02638271532034211
2022-01-25,-0.055032048950988025
2022-01-26,-0.018509785184778124
2022-01-27,0.07237876662419124
2022-01-28,-0.006069516415828343
2022-01-31,0.1055322099298474
2022-02-01,0.06785599693172287
2022-02-02,-0.062392623797482616
2022-02-03,-0.05720773177549646
2022-02-04,0.011204180107208141
2022-02-07,-0.019870875107860727
2022-02-08,0.0035500591355934947
2022-02-09,0.022930398867197877
2022-02-10,-0.01616331297792602
2022-02-11,-0.03751783817211331
2022-02-14,0.01335250997945932
2022-02-15,0.027090120691492622
2022-02-16,-0.02328977227877035
2022-02-17,-0.029081345030161004
2022-02-18,0.011877403036827881
2022-02-22,-0.0361964045213835
2022-02-23,-0.026638184689745343
2022-02-24,0.0596091918152765
2022-02-25,0.0019723500323079314
2022-02-28,0.009473860554250743
2022-03-01,-0.021210875445568007
2022-03-02,-0.0162087985223079
2022-03-03,-0.03197703769504173
2022-03-04,-0.01737502945080488
2022-03-07,-0.032222322737572154
2022-03-08,-0.02456706579081704
2022-03-09,0.04862860626160211
2022-03-10,-0.005646039921492265
2022-03-11,-0.047204868883098196
2022-03-14,-0.027737756439378494
2022-03-15,0.037766010028373084
2022-03-16,0.03930457962382489
2022-03-17,0.0380604038801931
2022-03-18,0.024469358459514593
2022-03-21,-0.0159169062084453
2022-03-22,0.021994000560463613
2022-03-23,-0.022260949924117774
2022-03-24,0.0032524110917200046
2022-03-25,-0.004962943914808736
2022-03-28,0.012387936015198284
2022-03-29,0.03455999184501259
2022-03-30,-0.02677033653623149
2022-03-31,-0.018200109137236433
2022-04-01,-0.0029944014055201845
2022-04-04,0.047147871075704305
2022-04-05,-0.02941965878715256
2022-04-06,-0.031532347344899056
2022-04-07,-0.016975053419276732
2022-04-08,-0.01746486431965812
2022-04-11,-0.02239117268413953
2022-04-12,-0.011270149481897303
2022-04-13,0.0182286425660236
2022-04-14,-0.02689734504680019
2022-04-18,-0.009632018168675134
2022-04-19,0.03132223287898192
2022-04-20,-0.4325784894950873
2022-04-21,-0.03587157980163934
2022-04-22,-0.012450036515782656
2022-04-25,-0.02637488443308335
2022-04-26,-0.05639362781127252
2022-04-27,-0.0509750117178115
2022-04-28,0.0566042742827953
2022-04-29,-0.04699748572623683
2022-05-02,0.04669669275300152
2022-05-03,0.0020534586430653525
2022-05-04,0.020501835849593895
2022-05-05,-0.08002628422172568
2022-05-06,-0.03981140398693252
2022-05-09,-0.04446184708782946
2022-05-10,0.02600222209685815
2022-05-11,-0.06565748203293621
2022-05-12,0.04662113782712058
2022-05-13,0.07368992098682065
2022-05-16,-0.006040423163550769
2022-05-17,0.02148228575131742
2022-05-18,-0.07274449737565299
2022-05-19,0.0348830510236759
2022-05-20,0.015520991764363263
2022-05-23,0.005832128313781553
2022-05-24,-0.03861478645073204
2022-05-25,0.04069336872173052
2022-05-26,0.018828098337646364
2022-05-27,0.01960794990578314
2022-05-31,0.011461317404904697
2022-06-01,-0.023210936557434687
2022-06-02,0.061225167246561976
2022-06-03,-0.03024459192669077
2022-06-06,-0.009290181361531879
2022-06-07,0.007428934042166716
2022-06-08,0.021025130529137192
2022-06-09,-0.050870445839937696
2022-06-10,-0.05233952614722732
2022-06-13,-0.07518502953399364
2022-06-14,-0.012751123470475963
2022-06-15,0.07234564613659925
2022-06-16,-0.03825513824069365
2022-06-17,0.012383435928862273
2022-06-21,-0.026558976298387927
2022-06-22,0.04563400944354384
2022-06-23,0.01564089523799863
2022-06-24,0.04907574759095418
2022-06-27,-0.00900027302845605
2022-06-28,-0.051755353299551186
2022-06-29,-0.006928100323264315
2022-06-30,-0.01976119176588408
2022-07-01,0.028636268359031408
2022-07-05,0.03242218775623753
2022-07-06,-0.009839470046492608
2022-07-07,0.027912770597586838
2022-07-08,-0.012172912654429035
2022-07-11,-0.052932905023972104
2022-07-12,-0.016430601651814536
2022-07-13,0.012022619587335498
2022-07-14,-0.010132692859935266
2022-07-15,0.07880074235640211
2022-07-18,0.00952562336280277
2022-07-19,0.054579897361594396
2022-07-20,0.07087899123277663
2022-07-21,0.03379688465294932
2022-07-22,-0.015484638438004376
2022-07-25,-0.008793804997751524
2022-07-26,-0.021276371630594784
2022-07-27,0.05829265458176018
2022-07-28,-0.003224596146589718
2022-07-29,-0.00496761041371152
2022-08-01,0.005807935397799919
2022-08-02,-0.021402424795967278
2022-08-03,0.023698537654362112
2022-08-04,0.013927997103478168
2022-08-05,-0.013707531808099775
2022-08-08,0.029158927163680348
2022-08-09,-0.015320906740236867
2022-08-10,0.05980053185983106
2022-08-11,-0.005792783029216116
2022-08-12,0.02683087117696676
2022-08-15,-0.0007624649646615099
2022-08-16,-0.01382394921105544
2022-08-17,-0.018651451571385334
2022-08-18,0.016532718541190712
2022-08-19,-0.016491274212663054
2022-08-22,-0.06253908121624106
2022-08-23,-0.008823103999893462
2022-08-24,0.022283840639843254
2022-08-25,0.01885343549411678
2022-08-26,-0.04680912267877228
2022-08-29,0.005760945613565019
2022-08-30,-0.01760973528547182
2022-08-31,0.013102114751767256
2022-09-01,0.028573319571500368
2022-09-02,-0.01723158501981358
2022-09-06,-0.034739121806218055
2022-09-07,0.047264824392879386
2022-09-08,-0.00666086727712227
2022-09-09,0.02659538854256736
2022-09-12,0.012593211545679679
2022-09-13,-0.08098384188204745
2022-09-14,0.027090449234241778
2022-09-15,0.04901958201452425
2022-09-16,0.019979229706911045
2022-09-19,0.014470252967834558
2022-09-20,-0.003206754153556901
2022-09-21,-0.02493248347873377
2022-09-22,0.0007596070998479703
2022-09-23,-0.045923538141460676
2022-09-26,-0.010389063337651596
2022-09-27,0.0012934567151527874
2022-09-28,0.08882228136535465
2022-09-29,-0.02264433533743935
2022-09-30,-0.01797375689642599
2022-10-03,0.015174743360475924
2022-10-04,0.007086614374615705
2022-10-05,-0.016797222850789165
2022-10-06,0.01380202151549461
2022-10-07,-0.06573359657218089
2022-10-10,0.0230036231311044
2022-10-11,-0.07066203574540836
2022-10-12,0.030244010598937568
2022-10-13,0.051358922920235035
2022-10-14,-0.010853902306471727
2022-10-17,0.06358699094917575
2022-10-18,-0.017450429668166442
2022-10-19,0.1229823118681349
2022-10-20,-0.015614365347639245
2022-10-21,0.07681327255413573
2022-10-24,-0.02489551579492952
2022-10-25,0.029890395205139975
2022-10-26,0.0257798770582138
2022-10-27,-0.005641739333526464
2022-10-28,-0.004117028697239609
2022-10-31,-0.013070328229044813
2022-11-01,-0.01773202008440214
2022-11-02,-0.049138962164588
2022-11-03,-0.014537359077029828
2022-11-04,-0.03121890426428717
2022-11-07,-0.00843301395723682
2022-11-08,0.018619089345215636
2022-11-09,-0.03397227271858442
2022-11-10,0.07673268480636258
2022-11-11,0.05366712385382222
2022-11-14,0.03101706225873052
2022-11-15,0.03587108801403567
2022-11-16,-0.013566829640991068
2022-11-17,-0.03572638127080637
2022-11-18,-0.02503300965073705
2022-11-21,-0.010226470900983522
2022-11-22,0.005736940401729956
2022-11-23,0.016638478266407162
2022-11-25,-0.020657838417552265
2022-11-28,-0.015422665052178127
2022-11-29,-0.000747154891457618
2022-11-30,0.08383562263925598
2022-12-01,0.036696066119485615
2022-12-02,0.010857414021206045
2022-12-05,-0.024708984515275607
2022-12-06,-0.022746301924372384
2022-12-07,0.009316309072375488
2022-12-08,0.005948165880393336
2022-12-09,0.030941602503912747
2022-12-12,-0.015208335080949823
2022-12-13,0.016239051065807395
2022-12-14,-0.007866265718616473
2022-12-15,-0.0902229481765367
2022-12-16,0.0010324470750859335
2022-12-19,-0.00832457530667234
2022-12-20,-0.0003816086893749878
2022-12-21,0.03333924012406483
2022-12-22,-0.0007050380090438518
2022-12-23,-0.009414431668747324
2022-12-27,-0.03726711957239268
2022-12-28,-0.025988454775191034
2022-12-29,0.05015134712406352
2022-12-30,0.012832986885198263
2023-01-03,0.0002373554859016624
2023-01-04,0.04786137884156787
2023-01-05,0.0009368070637815004
2023-01-06,0.018713092893636565
2023-01-09,-0.0012049756185328268
2023-01-10,0.03849805231996495
2023-01-11,-0.0008552192486506423
2023-01-12,0.00873151591702549
2023-01-13,0.008115317153939844
2023-01-17,-0.020029797322847546
2023-01-18,0.00033707063492175766
2023-01-19,-0.03286338096971129
2023-01-20,0.08122591713468778
2023-01-23,0.04263991938913356
2023-01-24,0.017775132547481316
2023-01-25,0.011287565950552473
2023-01-26,-0.008433163214450753
2023-01-27,-0.011300485507232843
2023-01-30,-0.021460980410589966
2023-01-31,0.0021217530734983104
2023-02-01,0.02271522385531091
2023-02-02,0.01344542976252443
2023-02-03,-0.0027019769531390686
2023-02-06,-0.012153394086963878
2023-02-07,0.004058351173216993
2023-02-08,0.010633455591974462
2023-02-09,-0.01187401457886659
2023-02-10,-0.04266276640763246
2023-02-13,0.03176214770608443
2023-02-14,0.003869013638916121
2023-02-15,0.0040478004526452475
2023-02-16,-0.03008102291000362
2023-02-17,-0.007872074914392633
2023-02-21,-0.030522061547762023
2023-02-22,-0.007793282599058617
2023-02-23,-0.034109490861455136
2023-02-24,-0.020287883960943203
2023-02-27,0.018370388733012808
2023-02-28,-0.002790012005252999
2023-03-01,-0.02721968106335771
2023-03-02,-0.0051170589206652175
2023-03-03,0.010525403424085462
2023-03-06,-0.010044584388769328
2023-03-07,-0.011474710828607557
2023-03-08,0.010705313832883014
2023-03-09,-0.0459749569463972
2023-03-10,-0.01700182578852028
2023-03-13,0.002558575579844188
2023-03-14,0.0048602237134332945
2023-03-15,0.029564735451401116
2023-03-16,0.020429180186206392
2023-03-17,-0.021384220801851688
2023-03-20,0.005356308239443084
2023-03-21,0.0021606760092822506
2023-03-22,-0.0396590546597467
2023-03-23,0.08623698613852326
2023-03-24,0.024725409022760405
2023-03-27,-0.0022254978191353476
2023-03-28,-0.012715477378969239
2023-03-29,0.02596432700468029
2023-03-30,0.019091932474280596
2023-03-31,0.020617532029117955
2023-04-03,0.008071964420736827
2023-04-04,-0.004402691357183985
2023-04-05,-0.012770413796997624
2023-04-06,-0.008860577755279939
2023-04-10,-0.0010024885340539547
2023-04-11,-0.002303578041040804
2023-04-12,-0.02145795399404034
2023-04-13,0.044778717230472734
2023-04-14,-0.02207970705005514
2023-04-17,-0.017606759078225145
2023-04-18,0.002941077575939235
2023-04-19,-0.0322185739937305
2023-04-20,0.006877741495682462
2023-04-21,0.008051119899445488
2023-04-24,0.003165911026210957
2023-04-25,-0.01986035608372005
2023-04-26,-0.004349840124905498
2023-04-27,0.01452876871373738
2023-04-28,0.012443386990689469
2023-05-01,-0.017766732683591187
2023-05-02,-0.020478519168301006
2023-05-03,0.005495849457789342
2023-05-04,0.004624393041538569
2023-05-05,0.006153540916994799
2023-05-08,0.025843523221069684
2023-05-09,0.0028040214534012014
2023-05-10,0.009826884533099838
2023-05-11,0.0274651007901523
2023-05-12,-0.014226584072181055
2023-05-15,-0.011838242855631748
2023-05-16,-0.006391536592370913
2023-05-17,0.018435706338849014
2023-05-18,0.08815555592985347
2023-05-19,-0.01610032231772496
2023-05-22,-0.006452803719968483
2023-05-23,-0.01952773280790839
2023-05-24,0.024583713802904625
2023-05-25,-0.016163895948595724
2023-05-26,0.05389711415120808
2023-05-30,0.036539183388223324
2023-05-31,0.0057091152787522095
2023-06-01,0.019791239950699587
2023-06-02,-0.006620204325724111
2023-06-05,0.0076367382202440146
2023-06-06,-0.010587626326104905
2023-06-07,0.0012014201746747592
2023-06-08,0.02372998777991812
2023-06-09,0.025682903750843294
2023-06-12,0.009360379861232433
2023-06-13,0.027360145296799303
2023-06-14,0.01170450330859665
2023-06-15,0.009953517840008638
2023-06-16,-0.030347877758424725
2023-06-20,0.006323194493437905
2023-06-21,-0.023861960082187744
2023-06-22,-0.004652071591013763
2023-06-23,0.003638499603849632
2023-06-26,-0.019239572362443353
2023-06-27,0.0027369926671105506
2023-06-28,0.030135019088058403
2023-06-29,-0.003729256671500928
2023-06-30,0.028203922065161306
2023-07-03,0.002154394489209544
2023-07-05,0.010052581772954504
2023-07-06,-0.015959858836504966
2023-07-07,-0.001687630052574715
2023-07-10,0.008206364452725474
2023-07-11,-0.0034017069176707853
2023-07-12,0.00868525751286841
2023-07-13,0.014154489673721458
2023-07-14,-0.018985346636989017
2023-07-17,0.018252427185323602
2023-07-18,0.05353494165797248
2023-07-19,0.005858947098742046
2023-07-20,-0.08785875500288731
2023-07-21,-0.022939556813363397
2023-07-24,0.002033061765785421
2023-07-25,-0.0015653242068225791
2023-07-26,-0.011830333635548983
2023-07-27,-0.02273252925707966
2023-07-28,0.030063597118831463
2023-07-31,0.03050829884887843
2023-08-01,-0.0007976355637159951
2023-08-02,-0.020546104257929545
2023-08-03,0.0030207355113108718
2023-08-04,0.0013911751480546078
2023-08-07,0.021001284617694897
2023-08-08,-0.005596865265223693
2023-08-09,-0.02167987190884191
2023-08-10,0.002514944236581915
2023-08-11,-0.019539410751961202
2023-08-14,0.01440973110690642
2023-08-15,-0.009583409460456065
2023-08-16,-0.019663406386298727
2023-08-17,-0.030425683021798072
2023-08-18,0.0037893344923352486
2023-08-21,0.009251793592750593
2023-08-22,0.01188149194288036
2023-08-23,0.0342121025410447
2023-08-24,-0.0494300656069825
2023-08-25,0.022116188472875192
2023-08-28,0.004867568603703369
2023-08-29,0.02813700832454119
2023-08-30,0.010825135357739024
2023-08-31,-0.0022801650802984712
2023-09-01,0.014195003198763684
2023-09-05,0.019808000602650887
2023-09-06,-0.006529244073412078
2023-09-07,-0.0058949667706464535
2023-09-08,-0.0007675553464674706
2023-09-11,0.005764754848211696
2023-09-12,-0.02424975403643906
2023-09-13,-0.053027493747638134
2023-09-14,-0.028916888257161967
2023-09-15,-0.008903650158952803
2023-09-18,-0.006419554005952175
2023-09-19,0.00455351939673099
2023-09-20,-0.025304809983334075
2023-09-21,-0.0055811721759328504
2023-09-22,-0.011362023982808184
2023-09-25,0.01305260573202213
2023-09-26,-0.01452810878382333
2023-09-27,-0.004386677145906252
2023-09-28,-0.003262746662321671
2023-09-29,0.0032892155170683476
2023-10-02,0.007203931967560887
2023-10-03,-0.009457504531928874
2023-10-04,0.0003980465805517986
2023-10-05,-0.011501274767351978
2023-10-06,0.023658499228807618
2023-10-09,0.011570770726330223
2023-10-10,-0.03327187870770303
2023-10-11,-0.01999396290252774
2023-10-12,-0.013010225442628543
2023-10-13,-0.015400319447475969
2023-10-16,0.014347766799415273
2023-10-17,-0.014235374255898796
2023-10-18,-0.027156122766152938
2023-10-19,0.1488919969456922
2023-10-20,-0.002018050794928577
2023-10-23,0.014558252798232934
2023-10-24,0.016793672458280656
2023-10-25,-0.006012311629116475
2023-10-26,-0.018925684424309756
2023-10-27,-0.014150330340873325
2023-10-30,0.030226961161828946
2023-10-31,0.003918359339845342
2023-11-01,0.02043640608756289
2023-11-02,0.01069958497900112
2023-11-03,0.01785197707704001
2023-11-06,0.005489552821903611
2023-11-07,-0.00029908526469780815
2023-11-08,0.004682936309934742
2023-11-09,-0.0034411946175281487
2023-11-10,0.027404556234566113
2023-11-13,-0.005875316173921326
2023-11-14,0.009023085885628933
2023-11-15,0.029191906647565942
2023-11-16,0.010787161217085145
2023-11-17,-0.0022297051094989206
2023-11-20,0.018205888106853755
2023-11-21,0.0010111508296187896
2023-11-22,0.006401203683191903
2023-11-24,0.003258327036453967
2023-11-27,-0.0008136068871999628
2023-11-28,-0.00035480741320928814
2023-11-29,-0.003785857743864831
2023-11-30,-0.0067707564909939245
2023-12-01,-0.0175164483507589
2023-12-04,-0.025750670665215605
2023-12-05,0.002750125525807436
2023-12-06,-0.01867262875671758
2023-12-07,0.01172780392674165
2023-12-08,0.003886215086405515
2023-12-11,0.013418884147904903
2023-12-12,0.006739741662327113
2023-12-13,0.03601742164826724
2023-12-14,-0.021373495735349326
2023-12-15,0.004735159781775167
2023-12-18,0.029349373655387048
2023-12-19,0.018142646641027094
2023-12-20,-0.011683697310186333
2023-12-21,0.004771258659596073
2023-12-22,-0.009914543438969442
2023-12-26,0.009059846247822606
2023-12-27,0.0012208057241879808
2023-12-28,-0.0026061740770701282
2023-12-29,-0.007427958897075894
2024-01-02,-0.038481611398449404
2024-01-03,0.003749684896874744
2024-01-04,0.009334051814584719
2024-01-05,-0.0012859471952438555
2024-01-08,0.022876852093131606
2024-01-09,-0.006079899702768619
2024-01-10,-0.007829936327369945
2024-01-11,0.028645203564486302
2024-01-12,-0.0001422194364593895
2024-01-16,-0.022437741236330404
2024-01-17,-0.0018927302021266724
2024-01-18,0.010314438159974494
2024-01-19,-0.004874734826431142
2024-01-22,0.0056986296766141755
2024-01-23,0.0132531363803917
2024-01-24,0.10168236837006697
2024-01-25,0.030954638330708995
2024-01-26,0.014871064919856644
2024-01-29,0.009370057586335438
2024-01-30,-0.02272982588549183
2024-01-31,0.002236095409597694
2024-02-01,0.006009105166844033
2024-02-02,-0.005069988308302492
2024-02-05,-0.004579743792752287
2024-02-06,-0.011056162438004618
2024-02-07,0.006133541156721802
2024-02-08,-0.0013776634342159018
2024-02-09,0.004982808489545207
2024-02-12,-0.006201046035356335
2024-02-13,-0.005987237687492781
2024-02-14,0.043769371606292184
2024-02-15,0.024097586070192915
2024-02-16,-0.016154455729231063
2024-02-20,-0.015219259873668577
2024-02-21,-0.0030997761737188486
2024-02-22,0.026029615898724334
2024-02-23,-0.00837869346883121
2024-02-26,0.006984265246381679
2024-02-27,0.02357759701389051
2024-02-28,-0.008663427102757325
2024-02-29,0.010738822801665378
2024-03-01,0.026869849454937516
2024-03-04,-0.005683409967269752
2024-03-05,-0.028544454890043695
2024-03-06,-0.0013542577645945001
2024-03-07,0.01794113299415646
2024-03-08,-0.006082507364123082
2024-03-11,-0.0064524370465355125
2024-03-12,0.016749481142266265
2024-03-13,-0.0026710053696953353
2024-03-14,0.005824321515645225
2024-03-15,-0.011699260299974116
2024-03-18,0.020437370419595622
2024-03-19,0.003792998124079947
2024-03-20,0.011134094209700815
2024-03-21,-0.007965510686787825
2024-03-22,0.008475149636129138
2024-03-25,-0.0008761708360656139
2024-03-26,0.002832840382594643
2024-03-27,-0.025283565402849383
2024-03-28,-0.010156844354685134
2024-04-01,0.011427353952521207
2024-04-02,-0.00016277018621449547
2024-04-03,0.02550987368007643
2024-04-04,-0.020750872332217108
2024-04-05,0.030385628729464046
2024-04-08,-0.012288729272889147
2024-04-09,-0.01638078861107905
2024-04-10,0.0006145315241961593
2024-04-11,0.01635485149901166
2024-04-12,-0.0095077842386779
2024-04-15,-0.025497743533013175
2024-04-16,0.016935558837539326
2024-04-17,-0.00622153264850306
2024-04-18,-0.00511334138081446
2024-04-19,-0.09533635245898124
2024-04-22,-0.0007930956884595691
2024-04-23,0.04089415889141026
2024-04-24,-0.03995695028249698
2024-04-25,0.017287352791446355
2024-04-26,-0.006340854821048397
2024-04-29,-0.0031051453073314963
2024-04-30,-0.015944454819606907
2024-05-01,0.0019413487787812889
2024-05-02,0.02406859993197875
2024-05-03,0.024798320074550927
2024-05-06,0.029977345446644602
2024-05-07,0.01501312353167397
2024-05-08,0.005709743114203969
2024-05-09,0.004289620536809419
2024-05-10,-0.001995124489583245
2024-05-13,0.009320103734037893
2024-05-14,-0.0047632565400975505
2024-05-15,-0.00022816438926621612
2024-05-16,-0.00490186030056308
2024-05-17,0.017181086836866928
2024-05-20,0.03125650829060926
2024-05-21,0.01516172069763384
2024-05-22,-0.01570810229087903
2024-05-23,-0.007522654208766098
2024-05-24,0.017280286371387413
2024-05-28,0.0034728719631331546
2024-05-29,0.008622143626109349
2024-05-30,-0.010689034451364916
2024-05-31,-0.009369581300585173
2024-06-03,-0.012278573285040239
2024-06-04,-0.0034297671228586107
2024-06-05,0.02909974014546765
2024-06-06,-0.0026948646144301196
2024-06-07,-0.010930336166651759
2024-06-10,0.004712307982493353
2024-06-11,0.006264378518818671
2024-06-12,0.002325462073167681
2024-06-13,0.004910541613445373
2024-06-14,0.024376806480092963
2024-06-17,0.009589604122161262
2024-06-18,0.014454914168973206
2024-06-20,-0.009731174598660582
2024-06-21,0.01038722501860769
2024-06-24,-0.025238570991329284
2024-06-25,0.0050542721509467614
2024-06-26,0.007821681227640659
2024-06-27,0.009764927683866333
2024-06-28,-0.013919960580331963
2024-07-01,-0.0018835725861461065
2024-07-02,0.008823653653484689
2024-07-03,0.004302207934755024
2024-07-05,0.011856047577414392
2024-07-08,-0.007134707850375147
2024-07-09,0.0
2024-07-10,-0.011867589189852252
2024-07-11,-0.037436690499741014
2024-07-12,-0.007920976165037494
2024-07-15,0.013573223452067677
2024-07-16,-0.00019794570087460064
2024-07-17,-0.01359148300115702
2024-07-18,-0.006850105551185622
2024-07-19,-0.015199547024618605
2024-07-22,0.022111396609099564
2024-07-23,-0.007347374206872449
2024-07-24,-0.010588594775748297
2024-07-25,-0.002991918136000936
2024-07-26,-0.004298828488061507
2024-07-29,-0.0070093488515346955
2024-07-30,-0.0070106042910166155
2024-07-31,0.009225196666354588
2024-08-01,-0.00558569079105111
2024-08-02,-0.018103219583858157
2024-08-05,-0.02489835506640183
2024-08-06,0.01824374652891547
2024-08-07,0.0031284260904014005
2024-08-08,0.030392989587774366
2024-08-09,0.0056791103643204265
2024-08-12,-0.001262774908766496
2024-08-13,0.023230036501256136
2024-08-14,0.02086045410112244
2024-08-15,0.0023246947007318376
2024-08-16,0.016227189663051853
2024-08-19,0.021224915430160647
2024-08-20,0.014433545219066181
2024-08-21,-0.0020348558509935555
2024-08-22,-0.011774265260477803
2024-08-23,-0.0032421170044757163
2024-08-26,0.002487042900775845
2024-08-27,0.010519066249806258
2024-08-28,-0.017223248959821587
2024-08-29,0.012555361240849617
2024-08-30,0.012727706981316846
2024-09-03,-0.03782046135977442
2024-09-04,0.006435515032662266
2024-09-05,0.005780067248840855
2024-09-06,-0.026457882741296495
2024-09-09,0.014390399078832813
2024-09-10,-0.0026685704336535075
2024-09-11,0.011586129747868873
2024-09-12,0.007790857268768854
2024-09-13,0.014828375190360297
2024-09-16,-0.0008036935294560925
2024-09-17,0.014835570987278094
2024-09-18,-0.023530903417474703
2024-09-19,0.019860304375048397
2024-09-20,-0.00468215022173337
2024-09-23,0.006171887327548246
2024-09-24,0.023662631961510274
2024-09-25,-0.0009696458308240915
2024-09-26,-0.014138513058644735
2024-09-27,-0.00575139571672734
2024-09-30,0.0027106980963982827
2024-10-01,-0.004436957804562294
2024-10-02,0.006999678553690186
2024-10-03,-0.006051275615924296
2024-10-04,0.01808673071178389
2024-10-07,-0.02501501892712528
2024-10-08,0.0278732517835532
2024-10-09,0.007825014132255484
2024-10-10,0.003923983872293207
2024-10-11,-0.010322992088243511
2024-10-14,-0.013637251031821482
2024-10-15,-0.009894560787681906
2024-10-16,-0.005653541874788889
2024-10-17,-0.02065338186866424
2024-10-18,0.10514382025913253
2024-10-21,0.010651430031830415
2024-10-22,-0.010193305894346158
2024-10-23,-0.019755820185598415
2024-10-24,0.006995466435572222
2024-10-25,0.0001722797447159557
2024-10-28,-0.007394630553734816
2024-10-29,0.013682104265904344
2024-10-30,-0.00753383454536578
2024-10-31,0.003033527708773245
2024-11-01,9.263468489393006e-05
2024-11-04,-0.0007805996214769336
2024-11-05,0.011056914984510502
2024-11-06,0.021113195936918582
2024-11-07,0.020714177435041992
2024-11-08,-0.0018849391547445774
2024-11-11,0.012996295816595059
2024-11-12,0.017305664911183728
2024-11-13,0.013297409361242903
2024-11-14,0.008142860375410834
2024-11-15,-0.016012600453418426
2024-11-18,0.027637716175944627
2024-11-19,0.02824960020678042
2024-11-20,0.014278042540917576
2024-11-21,0.015303459081387192
2024-11-22,0.000345332236541127
2024-11-25,-0.03652484698312355
2024-11-26,0.008065951684419054
2024-11-27,0.005417330579701593
2024-11-29,0.010736135674909466
2024-12-02,0.012249765776087022
2024-12-03,0.004922486966720681
2024-12-04,0.009805783430522887
2024-12-05,0.007447008721974982
2024-12-06,0.018212608984332163
2024-12-09,-0.022777023799220735
2024-12-10,-0.0003722328068940099
2024-12-11,0.02509442057340535
2024-12-12,-0.01182541056932772
2024-12-13,-0.007243493167918512
2024-12-16,0.0024022476085418594
2024-12-17,-0.002119320771716721
2024-12-18,-0.032711854906997836
2024-12-19,0.013943153901290493
2024-12-20,0.0077411933708123005
2024-12-23,0.0026366164112929915
2024-12-24,0.022424839005523084
2024-12-26,-0.008597948986935411
2024-12-27,-0.018114960390536734
2024-12-30,-0.007876211907794101
2024-12-31,-0.010168866393821648
